-- phpMyAdmin SQL Dump
-- version 4.9.5deb2
-- https://www.phpmyadmin.net/
--
-- Host: localhost:3306
-- Generation Time: Oct 22, 2021 at 12:32 PM
-- Server version: 8.0.26-0ubuntu0.20.04.3
-- PHP Version: 7.4.3

SET SQL_MODE = "NO_AUTO_VALUE_ON_ZERO";
SET AUTOCOMMIT = 0;
START TRANSACTION;
SET time_zone = "+00:00";


/*!40101 SET @OLD_CHARACTER_SET_CLIENT=@@CHARACTER_SET_CLIENT */;
/*!40101 SET @OLD_CHARACTER_SET_RESULTS=@@CHARACTER_SET_RESULTS */;
/*!40101 SET @OLD_COLLATION_CONNECTION=@@COLLATION_CONNECTION */;
/*!40101 SET NAMES utf8mb4 */;

--
-- Database: `compliance`
--

-- --------------------------------------------------------

--
-- Table structure for table `books`
--

CREATE TABLE `books` (
  `id` int UNSIGNED NOT NULL,
  `title` varchar(255) COLLATE utf8mb4_unicode_ci NOT NULL,
  `description` text COLLATE utf8mb4_unicode_ci NOT NULL,
  `cover_photo` varchar(255) COLLATE utf8mb4_unicode_ci NOT NULL,
  `price` int NOT NULL,
  `status` tinyint NOT NULL,
  `created_at` timestamp NULL DEFAULT NULL,
  `updated_at` timestamp NULL DEFAULT NULL,
  `featured` tinyint DEFAULT NULL,
  `pages` int DEFAULT NULL,
  `chapters` int DEFAULT NULL,
  `label_price` int DEFAULT NULL
) ENGINE=InnoDB DEFAULT CHARSET=utf8mb4 COLLATE=utf8mb4_unicode_ci;

--
-- Dumping data for table `books`
--

INSERT INTO `books` (`id`, `title`, `description`, `cover_photo`, `price`, `status`, `created_at`, `updated_at`, `featured`, `pages`, `chapters`, `label_price`) VALUES
(1, 'This is the very first book', '<p>description</p>', 'books/September2021/PKAOVeWQqR5aA32rjBZc.png', 250, 1, '2021-09-07 10:32:00', '2021-10-02 11:15:26', 1, 1800, 23, 1800),
(2, 'book title', '<p>description</p>', 'books/September2021/D9TACxlL91DJdAvZc1qQ.jpg', 12000, 1, '2021-09-13 01:58:00', '2021-10-02 11:14:59', 1, 520, 12, 2000);

-- --------------------------------------------------------

--
-- Table structure for table `categories`
--

CREATE TABLE `categories` (
  `id` int UNSIGNED NOT NULL,
  `parent_id` int UNSIGNED DEFAULT NULL,
  `order` int NOT NULL DEFAULT '1',
  `name` varchar(255) COLLATE utf8mb4_unicode_ci NOT NULL,
  `slug` varchar(255) COLLATE utf8mb4_unicode_ci NOT NULL,
  `created_at` timestamp NULL DEFAULT NULL,
  `updated_at` timestamp NULL DEFAULT NULL
) ENGINE=InnoDB DEFAULT CHARSET=utf8mb4 COLLATE=utf8mb4_unicode_ci;

--
-- Dumping data for table `categories`
--

INSERT INTO `categories` (`id`, `parent_id`, `order`, `name`, `slug`, `created_at`, `updated_at`) VALUES
(1, NULL, 1, 'Category 1', 'category-1', '2021-09-07 09:03:12', '2021-09-07 09:03:12'),
(2, NULL, 1, 'Category 2', 'category-2', '2021-09-07 09:03:12', '2021-09-07 09:03:12'),
(3, NULL, 1, 'CTPAT training', 'ctpat-training', '2021-09-07 10:34:31', '2021-09-07 10:34:31'),
(4, NULL, 1, 'Quality training', 'quality-training', '2021-09-13 01:50:20', '2021-09-13 01:50:20');

-- --------------------------------------------------------

--
-- Table structure for table `data_rows`
--

CREATE TABLE `data_rows` (
  `id` int UNSIGNED NOT NULL,
  `data_type_id` int UNSIGNED NOT NULL,
  `field` varchar(255) COLLATE utf8mb4_unicode_ci NOT NULL,
  `type` varchar(255) COLLATE utf8mb4_unicode_ci NOT NULL,
  `display_name` varchar(255) COLLATE utf8mb4_unicode_ci NOT NULL,
  `required` tinyint(1) NOT NULL DEFAULT '0',
  `browse` tinyint(1) NOT NULL DEFAULT '1',
  `read` tinyint(1) NOT NULL DEFAULT '1',
  `edit` tinyint(1) NOT NULL DEFAULT '1',
  `add` tinyint(1) NOT NULL DEFAULT '1',
  `delete` tinyint(1) NOT NULL DEFAULT '1',
  `details` text COLLATE utf8mb4_unicode_ci,
  `order` int NOT NULL DEFAULT '1'
) ENGINE=InnoDB DEFAULT CHARSET=utf8mb4 COLLATE=utf8mb4_unicode_ci;

--
-- Dumping data for table `data_rows`
--

INSERT INTO `data_rows` (`id`, `data_type_id`, `field`, `type`, `display_name`, `required`, `browse`, `read`, `edit`, `add`, `delete`, `details`, `order`) VALUES
(1, 1, 'id', 'number', 'ID', 1, 0, 0, 0, 0, 0, NULL, 1),
(2, 1, 'name', 'text', 'Name', 1, 1, 1, 1, 1, 1, NULL, 2),
(3, 1, 'email', 'text', 'Email', 1, 1, 1, 1, 1, 1, NULL, 3),
(4, 1, 'password', 'password', 'Password', 1, 0, 0, 1, 1, 0, NULL, 4),
(5, 1, 'remember_token', 'text', 'Remember Token', 0, 0, 0, 0, 0, 0, NULL, 5),
(6, 1, 'created_at', 'timestamp', 'Created At', 0, 1, 1, 0, 0, 0, NULL, 6),
(7, 1, 'updated_at', 'timestamp', 'Updated At', 0, 0, 0, 0, 0, 0, NULL, 7),
(8, 1, 'avatar', 'image', 'Avatar', 0, 1, 1, 1, 1, 1, NULL, 8),
(9, 1, 'user_belongsto_role_relationship', 'relationship', 'Role', 0, 1, 1, 1, 1, 0, '{\"model\":\"TCG\\\\Voyager\\\\Models\\\\Role\",\"table\":\"roles\",\"type\":\"belongsTo\",\"column\":\"role_id\",\"key\":\"id\",\"label\":\"display_name\",\"pivot_table\":\"roles\",\"pivot\":0}', 10),
(10, 1, 'user_belongstomany_role_relationship', 'relationship', 'voyager::seeders.data_rows.roles', 0, 1, 1, 1, 1, 0, '{\"model\":\"TCG\\\\Voyager\\\\Models\\\\Role\",\"table\":\"roles\",\"type\":\"belongsToMany\",\"column\":\"id\",\"key\":\"id\",\"label\":\"display_name\",\"pivot_table\":\"user_roles\",\"pivot\":\"1\",\"taggable\":\"0\"}', 11),
(11, 1, 'settings', 'hidden', 'Settings', 0, 0, 0, 0, 0, 0, NULL, 12),
(12, 2, 'id', 'number', 'ID', 1, 0, 0, 0, 0, 0, NULL, 1),
(13, 2, 'name', 'text', 'Name', 1, 1, 1, 1, 1, 1, NULL, 2),
(14, 2, 'created_at', 'timestamp', 'Created At', 0, 0, 0, 0, 0, 0, NULL, 3),
(15, 2, 'updated_at', 'timestamp', 'Updated At', 0, 0, 0, 0, 0, 0, NULL, 4),
(16, 3, 'id', 'number', 'ID', 1, 0, 0, 0, 0, 0, NULL, 1),
(17, 3, 'name', 'text', 'Name', 1, 1, 1, 1, 1, 1, NULL, 2),
(18, 3, 'created_at', 'timestamp', 'Created At', 0, 0, 0, 0, 0, 0, NULL, 3),
(19, 3, 'updated_at', 'timestamp', 'Updated At', 0, 0, 0, 0, 0, 0, NULL, 4),
(20, 3, 'display_name', 'text', 'Display Name', 1, 1, 1, 1, 1, 1, NULL, 5),
(21, 1, 'role_id', 'text', 'Role', 1, 1, 1, 1, 1, 1, NULL, 9),
(22, 4, 'id', 'number', 'ID', 1, 0, 0, 0, 0, 0, NULL, 1),
(23, 4, 'parent_id', 'select_dropdown', 'Parent', 0, 0, 1, 1, 1, 1, '{\"default\":\"\",\"null\":\"\",\"options\":{\"\":\"-- None --\"},\"relationship\":{\"key\":\"id\",\"label\":\"name\"}}', 2),
(24, 4, 'order', 'text', 'Order', 1, 1, 1, 1, 1, 1, '{\"default\":1}', 3),
(25, 4, 'name', 'text', 'Name', 1, 1, 1, 1, 1, 1, NULL, 4),
(26, 4, 'slug', 'text', 'Slug', 1, 1, 1, 1, 1, 1, '{\"slugify\":{\"origin\":\"name\"}}', 5),
(27, 4, 'created_at', 'timestamp', 'Created At', 0, 0, 1, 0, 0, 0, NULL, 6),
(28, 4, 'updated_at', 'timestamp', 'Updated At', 0, 0, 0, 0, 0, 0, NULL, 7),
(29, 5, 'id', 'number', 'ID', 1, 0, 0, 0, 0, 0, NULL, 1),
(30, 5, 'author_id', 'text', 'Author', 1, 0, 1, 1, 0, 1, NULL, 2),
(31, 5, 'category_id', 'text', 'Category', 1, 0, 1, 1, 1, 0, NULL, 3),
(32, 5, 'title', 'text', 'Title', 1, 1, 1, 1, 1, 1, NULL, 4),
(33, 5, 'excerpt', 'text_area', 'Excerpt', 1, 0, 1, 1, 1, 1, NULL, 5),
(34, 5, 'body', 'rich_text_box', 'Body', 1, 0, 1, 1, 1, 1, NULL, 6),
(35, 5, 'image', 'image', 'Post Image', 0, 1, 1, 1, 1, 1, '{\"resize\":{\"width\":\"1000\",\"height\":\"null\"},\"quality\":\"70%\",\"upsize\":true,\"thumbnails\":[{\"name\":\"medium\",\"scale\":\"50%\"},{\"name\":\"small\",\"scale\":\"25%\"},{\"name\":\"cropped\",\"crop\":{\"width\":\"300\",\"height\":\"250\"}}]}', 7),
(36, 5, 'slug', 'text', 'Slug', 1, 0, 1, 1, 1, 1, '{\"slugify\":{\"origin\":\"title\",\"forceUpdate\":true},\"validation\":{\"rule\":\"unique:posts,slug\"}}', 8),
(37, 5, 'meta_description', 'text_area', 'Meta Description', 1, 0, 1, 1, 1, 1, NULL, 9),
(38, 5, 'meta_keywords', 'text_area', 'Meta Keywords', 1, 0, 1, 1, 1, 1, NULL, 10),
(39, 5, 'status', 'select_dropdown', 'Status', 1, 1, 1, 1, 1, 1, '{\"default\":\"DRAFT\",\"options\":{\"PUBLISHED\":\"published\",\"DRAFT\":\"draft\",\"PENDING\":\"pending\"}}', 11),
(40, 5, 'created_at', 'timestamp', 'Created At', 0, 1, 1, 0, 0, 0, NULL, 12),
(41, 5, 'updated_at', 'timestamp', 'Updated At', 0, 0, 0, 0, 0, 0, NULL, 13),
(42, 5, 'seo_title', 'text', 'SEO Title', 0, 1, 1, 1, 1, 1, NULL, 14),
(43, 5, 'featured', 'checkbox', 'Featured', 1, 1, 1, 1, 1, 1, NULL, 15),
(44, 6, 'id', 'number', 'ID', 1, 0, 0, 0, 0, 0, NULL, 1),
(45, 6, 'author_id', 'text', 'Author', 1, 0, 0, 0, 0, 0, NULL, 2),
(46, 6, 'title', 'text', 'Title', 1, 1, 1, 1, 1, 1, NULL, 3),
(47, 6, 'excerpt', 'text_area', 'Excerpt', 1, 0, 1, 1, 1, 1, NULL, 4),
(48, 6, 'body', 'rich_text_box', 'Body', 1, 0, 1, 1, 1, 1, NULL, 5),
(49, 6, 'slug', 'text', 'Slug', 1, 0, 1, 1, 1, 1, '{\"slugify\":{\"origin\":\"title\"},\"validation\":{\"rule\":\"unique:pages,slug\"}}', 6),
(50, 6, 'meta_description', 'text', 'Meta Description', 1, 0, 1, 1, 1, 1, NULL, 7),
(51, 6, 'meta_keywords', 'text', 'Meta Keywords', 1, 0, 1, 1, 1, 1, NULL, 8),
(52, 6, 'status', 'select_dropdown', 'Status', 1, 1, 1, 1, 1, 1, '{\"default\":\"INACTIVE\",\"options\":{\"INACTIVE\":\"INACTIVE\",\"ACTIVE\":\"ACTIVE\"}}', 9),
(53, 6, 'created_at', 'timestamp', 'Created At', 1, 1, 1, 0, 0, 0, NULL, 10),
(54, 6, 'updated_at', 'timestamp', 'Updated At', 1, 0, 0, 0, 0, 0, NULL, 11),
(55, 6, 'image', 'image', 'Page Image', 0, 1, 1, 1, 1, 1, NULL, 12),
(56, 7, 'id', 'hidden', 'Id', 1, 0, 0, 0, 0, 0, '{}', 1),
(57, 7, 'title', 'text', 'Title', 1, 1, 1, 1, 1, 1, '{}', 2),
(58, 7, 'category_id', 'select_dropdown', 'Category Id', 1, 1, 1, 1, 1, 1, '{}', 3),
(59, 7, 'description', 'rich_text_box', 'Description', 1, 1, 1, 1, 1, 1, '{}', 4),
(60, 7, 'price', 'number', 'Price', 1, 1, 1, 1, 1, 1, '{}', 5),
(62, 7, 'featured', 'checkbox', 'Featured', 1, 1, 1, 1, 1, 1, '{\"on\":\"True\",\"off\":\"False\",\"checked\":true}', 7),
(63, 7, 'status', 'radio_btn', 'Status', 1, 1, 1, 1, 1, 1, '{\"default\":\"0\",\"options\":{\"0\":\"Pending\",\"1\":\"Active\"}}', 8),
(64, 7, 'created_at', 'timestamp', 'Created At', 0, 1, 1, 1, 0, 1, '{}', 9),
(65, 7, 'updated_at', 'timestamp', 'Updated At', 0, 0, 0, 0, 0, 0, '{}', 10),
(66, 7, 'slug', 'text', 'Slug', 0, 1, 1, 1, 1, 1, '{}', 11),
(67, 7, 'training_belongsto_category_relationship', 'relationship', 'categories', 0, 1, 1, 1, 1, 1, '{\"model\":\"TCG\\\\Voyager\\\\Models\\\\Category\",\"table\":\"categories\",\"type\":\"belongsTo\",\"column\":\"category_id\",\"key\":\"id\",\"label\":\"name\",\"pivot_table\":\"categories\",\"pivot\":\"0\",\"taggable\":\"0\"}', 12),
(77, 7, 'start_date', 'date', 'Start Date', 0, 1, 1, 1, 1, 1, '{}', 6),
(78, 7, 'end_date', 'date', 'End Date', 0, 1, 1, 1, 1, 1, '{}', 12),
(79, 7, 'session_duration', 'text', 'Session Duration', 0, 1, 1, 1, 1, 1, '{}', 13),
(80, 7, 'class_schedule', 'text', 'Class Schedule', 0, 1, 1, 1, 1, 1, '{}', 14),
(81, 7, 'total_classes', 'number', 'Total Classes', 0, 1, 1, 1, 1, 1, '{}', 15),
(82, 16, 'id', 'hidden', 'Id', 1, 0, 0, 0, 0, 0, '{}', 1),
(83, 16, 'short_description', 'text_area', 'Short Description', 0, 1, 1, 1, 1, 1, '{}', 2),
(84, 16, 'long_description', 'rich_text_box', 'Long Description', 0, 1, 1, 1, 1, 1, '{}', 3),
(85, 16, 'created_at', 'timestamp', 'Created At', 0, 1, 1, 1, 0, 1, '{}', 4),
(86, 16, 'updated_at', 'timestamp', 'Updated At', 0, 0, 0, 0, 0, 0, '{}', 5),
(90, 17, 'id', 'hidden', 'Id', 1, 0, 0, 0, 0, 0, '{}', 1),
(91, 17, 'title', 'text', 'Title', 1, 1, 1, 1, 1, 1, '{}', 2),
(92, 17, 'description', 'rich_text_box', 'Description', 1, 1, 1, 1, 1, 1, '{}', 3),
(93, 17, 'cover_photo', 'image', 'Cover Photo', 1, 1, 1, 1, 1, 1, '{}', 4),
(94, 17, 'price', 'number', 'Price', 1, 1, 1, 1, 1, 1, '{}', 5),
(95, 17, 'status', 'select_dropdown', 'Status', 1, 1, 1, 1, 1, 1, '{\"default\":\"1\",\"options\":{\"0\":\"Upcomming\",\"1\":\"Published\"}}', 6),
(96, 17, 'created_at', 'timestamp', 'Created At', 0, 1, 1, 1, 0, 1, '{}', 7),
(97, 17, 'updated_at', 'timestamp', 'Updated At', 0, 0, 0, 0, 0, 0, '{}', 8),
(98, 17, 'featured', 'select_dropdown', 'Featured', 0, 1, 1, 1, 1, 1, '{\"default\":\"1\",\"options\":{\"0\":\"False\",\"1\":\"True\"}}', 9),
(99, 17, 'pages', 'number', 'Pages', 0, 1, 1, 1, 1, 1, '{}', 10),
(100, 17, 'chapters', 'number', 'Chapters', 0, 1, 1, 1, 1, 1, '{}', 11),
(101, 17, 'label_price', 'number', 'Label Price', 0, 1, 1, 1, 1, 1, '{}', 12);

-- --------------------------------------------------------

--
-- Table structure for table `data_types`
--

CREATE TABLE `data_types` (
  `id` int UNSIGNED NOT NULL,
  `name` varchar(255) COLLATE utf8mb4_unicode_ci NOT NULL,
  `slug` varchar(255) COLLATE utf8mb4_unicode_ci NOT NULL,
  `display_name_singular` varchar(255) COLLATE utf8mb4_unicode_ci NOT NULL,
  `display_name_plural` varchar(255) COLLATE utf8mb4_unicode_ci NOT NULL,
  `icon` varchar(255) COLLATE utf8mb4_unicode_ci DEFAULT NULL,
  `model_name` varchar(255) COLLATE utf8mb4_unicode_ci DEFAULT NULL,
  `policy_name` varchar(255) COLLATE utf8mb4_unicode_ci DEFAULT NULL,
  `controller` varchar(255) COLLATE utf8mb4_unicode_ci DEFAULT NULL,
  `description` varchar(255) COLLATE utf8mb4_unicode_ci DEFAULT NULL,
  `generate_permissions` tinyint(1) NOT NULL DEFAULT '0',
  `server_side` tinyint NOT NULL DEFAULT '0',
  `details` text COLLATE utf8mb4_unicode_ci,
  `created_at` timestamp NULL DEFAULT NULL,
  `updated_at` timestamp NULL DEFAULT NULL
) ENGINE=InnoDB DEFAULT CHARSET=utf8mb4 COLLATE=utf8mb4_unicode_ci;

--
-- Dumping data for table `data_types`
--

INSERT INTO `data_types` (`id`, `name`, `slug`, `display_name_singular`, `display_name_plural`, `icon`, `model_name`, `policy_name`, `controller`, `description`, `generate_permissions`, `server_side`, `details`, `created_at`, `updated_at`) VALUES
(1, 'users', 'users', 'User', 'Users', 'voyager-person', 'TCG\\Voyager\\Models\\User', 'TCG\\Voyager\\Policies\\UserPolicy', 'TCG\\Voyager\\Http\\Controllers\\VoyagerUserController', '', 1, 0, NULL, '2021-09-07 09:02:13', '2021-09-07 09:02:13'),
(2, 'menus', 'menus', 'Menu', 'Menus', 'voyager-list', 'TCG\\Voyager\\Models\\Menu', NULL, '', '', 1, 0, NULL, '2021-09-07 09:02:13', '2021-09-07 09:02:13'),
(3, 'roles', 'roles', 'Role', 'Roles', 'voyager-lock', 'TCG\\Voyager\\Models\\Role', NULL, 'TCG\\Voyager\\Http\\Controllers\\VoyagerRoleController', '', 1, 0, NULL, '2021-09-07 09:02:13', '2021-09-07 09:02:13'),
(4, 'categories', 'categories', 'Category', 'Categories', 'voyager-categories', 'TCG\\Voyager\\Models\\Category', NULL, '', '', 1, 0, NULL, '2021-09-07 09:03:07', '2021-09-07 09:03:07'),
(5, 'posts', 'posts', 'Post', 'Posts', 'voyager-news', 'TCG\\Voyager\\Models\\Post', 'TCG\\Voyager\\Policies\\PostPolicy', '', '', 1, 0, NULL, '2021-09-07 09:03:13', '2021-09-07 09:03:13'),
(6, 'pages', 'pages', 'Page', 'Pages', 'voyager-file-text', 'TCG\\Voyager\\Models\\Page', NULL, '', '', 1, 0, NULL, '2021-09-07 09:03:22', '2021-09-07 09:03:22'),
(7, 'trainings', 'trainings', 'Training', 'Trainings', 'voyager-certificate', 'App\\Models\\Training', NULL, NULL, NULL, 1, 0, '{\"order_column\":null,\"order_display_column\":null,\"order_direction\":\"asc\",\"default_search_key\":null,\"scope\":null}', '2021-09-07 09:23:17', '2021-09-22 00:09:35'),
(16, 'trainer_profiles', 'trainer-profiles', 'Trainer Profile', 'Trainer Profiles', 'voyager-person', 'App\\Models\\TrainerProfile', NULL, NULL, NULL, 1, 0, '{\"order_column\":null,\"order_display_column\":null,\"order_direction\":\"asc\",\"default_search_key\":null,\"scope\":null}', '2021-09-22 00:42:42', '2021-09-22 01:13:53'),
(17, 'books', 'books', 'Book', 'Books', NULL, 'App\\Models\\Book', NULL, NULL, NULL, 1, 0, '{\"order_column\":null,\"order_display_column\":null,\"order_direction\":\"asc\",\"default_search_key\":null,\"scope\":null}', '2021-09-24 01:26:56', '2021-10-02 11:14:22');

-- --------------------------------------------------------

--
-- Table structure for table `failed_jobs`
--

CREATE TABLE `failed_jobs` (
  `id` bigint UNSIGNED NOT NULL,
  `uuid` varchar(255) COLLATE utf8mb4_unicode_ci NOT NULL,
  `connection` text COLLATE utf8mb4_unicode_ci NOT NULL,
  `queue` text COLLATE utf8mb4_unicode_ci NOT NULL,
  `payload` longtext COLLATE utf8mb4_unicode_ci NOT NULL,
  `exception` longtext COLLATE utf8mb4_unicode_ci NOT NULL,
  `failed_at` timestamp NOT NULL DEFAULT CURRENT_TIMESTAMP
) ENGINE=InnoDB DEFAULT CHARSET=utf8mb4 COLLATE=utf8mb4_unicode_ci;

-- --------------------------------------------------------

--
-- Table structure for table `menus`
--

CREATE TABLE `menus` (
  `id` int UNSIGNED NOT NULL,
  `name` varchar(255) COLLATE utf8mb4_unicode_ci NOT NULL,
  `created_at` timestamp NULL DEFAULT NULL,
  `updated_at` timestamp NULL DEFAULT NULL
) ENGINE=InnoDB DEFAULT CHARSET=utf8mb4 COLLATE=utf8mb4_unicode_ci;

--
-- Dumping data for table `menus`
--

INSERT INTO `menus` (`id`, `name`, `created_at`, `updated_at`) VALUES
(1, 'admin', '2021-09-07 09:02:20', '2021-09-07 09:02:20');

-- --------------------------------------------------------

--
-- Table structure for table `menu_items`
--

CREATE TABLE `menu_items` (
  `id` int UNSIGNED NOT NULL,
  `menu_id` int UNSIGNED DEFAULT NULL,
  `title` varchar(255) COLLATE utf8mb4_unicode_ci NOT NULL,
  `url` varchar(255) COLLATE utf8mb4_unicode_ci NOT NULL,
  `target` varchar(255) COLLATE utf8mb4_unicode_ci NOT NULL DEFAULT '_self',
  `icon_class` varchar(255) COLLATE utf8mb4_unicode_ci DEFAULT NULL,
  `color` varchar(255) COLLATE utf8mb4_unicode_ci DEFAULT NULL,
  `parent_id` int DEFAULT NULL,
  `order` int NOT NULL,
  `created_at` timestamp NULL DEFAULT NULL,
  `updated_at` timestamp NULL DEFAULT NULL,
  `route` varchar(255) COLLATE utf8mb4_unicode_ci DEFAULT NULL,
  `parameters` text COLLATE utf8mb4_unicode_ci
) ENGINE=InnoDB DEFAULT CHARSET=utf8mb4 COLLATE=utf8mb4_unicode_ci;

--
-- Dumping data for table `menu_items`
--

INSERT INTO `menu_items` (`id`, `menu_id`, `title`, `url`, `target`, `icon_class`, `color`, `parent_id`, `order`, `created_at`, `updated_at`, `route`, `parameters`) VALUES
(1, 1, 'Dashboard', '', '_self', 'voyager-boat', NULL, NULL, 1, '2021-09-07 09:02:20', '2021-09-07 09:02:20', 'voyager.dashboard', NULL),
(2, 1, 'Media', '', '_self', 'voyager-images', NULL, NULL, 8, '2021-09-07 09:02:20', '2021-09-24 01:27:55', 'voyager.media.index', NULL),
(3, 1, 'Users', '', '_self', 'voyager-person', NULL, NULL, 7, '2021-09-07 09:02:21', '2021-09-24 01:27:55', 'voyager.users.index', NULL),
(4, 1, 'Roles', '', '_self', 'voyager-lock', NULL, NULL, 6, '2021-09-07 09:02:21', '2021-09-24 01:27:54', 'voyager.roles.index', NULL),
(5, 1, 'Tools', '', '_self', 'voyager-tools', NULL, NULL, 11, '2021-09-07 09:02:21', '2021-09-22 01:10:25', NULL, NULL),
(6, 1, 'Menu Builder', '', '_self', 'voyager-list', NULL, 5, 1, '2021-09-07 09:02:22', '2021-09-07 10:32:53', 'voyager.menus.index', NULL),
(7, 1, 'Database', '', '_self', 'voyager-data', NULL, 5, 2, '2021-09-07 09:02:22', '2021-09-07 10:32:53', 'voyager.database.index', NULL),
(8, 1, 'Compass', '', '_self', 'voyager-compass', NULL, 5, 3, '2021-09-07 09:02:23', '2021-09-07 10:32:54', 'voyager.compass.index', NULL),
(9, 1, 'BREAD', '', '_self', 'voyager-bread', NULL, 5, 4, '2021-09-07 09:02:23', '2021-09-07 10:32:54', 'voyager.bread.index', NULL),
(10, 1, 'Settings', '', '_self', 'voyager-settings', NULL, NULL, 12, '2021-09-07 09:02:23', '2021-09-22 01:10:25', 'voyager.settings.index', NULL),
(11, 1, 'Categories', '', '_self', 'voyager-categories', NULL, NULL, 2, '2021-09-07 09:03:10', '2021-09-07 10:32:51', 'voyager.categories.index', NULL),
(12, 1, 'Posts', '', '_self', 'voyager-news', NULL, NULL, 9, '2021-09-07 09:03:19', '2021-09-24 01:27:56', 'voyager.posts.index', NULL),
(13, 1, 'Pages', '', '_self', 'voyager-file-text', NULL, NULL, 10, '2021-09-07 09:03:26', '2021-09-22 01:10:35', 'voyager.pages.index', NULL),
(14, 1, 'Trainings', '', '_self', 'voyager-certificate', NULL, NULL, 4, '2021-09-07 09:23:17', '2021-09-22 01:10:37', 'voyager.trainings.index', NULL),
(20, 1, 'Trainer Profiles', '', '_self', 'voyager-person', '#000000', NULL, 3, '2021-09-22 00:42:42', '2021-09-24 01:30:17', 'voyager.trainer-profiles.index', 'null'),
(21, 1, 'Books', '', '_self', 'voyager-book', '#000000', NULL, 5, '2021-09-24 01:26:57', '2021-09-24 01:29:41', 'voyager.books.index', 'null');

-- --------------------------------------------------------

--
-- Table structure for table `migrations`
--

CREATE TABLE `migrations` (
  `id` int UNSIGNED NOT NULL,
  `migration` varchar(255) COLLATE utf8mb4_unicode_ci NOT NULL,
  `batch` int NOT NULL
) ENGINE=InnoDB DEFAULT CHARSET=utf8mb4 COLLATE=utf8mb4_unicode_ci;

--
-- Dumping data for table `migrations`
--

INSERT INTO `migrations` (`id`, `migration`, `batch`) VALUES
(1, '2014_10_12_000000_create_users_table', 1),
(2, '2014_10_12_100000_create_password_resets_table', 1),
(3, '2016_01_01_000000_add_voyager_user_fields', 1),
(4, '2016_01_01_000000_create_data_types_table', 1),
(5, '2016_05_19_173453_create_menu_table', 1),
(6, '2016_10_21_190000_create_roles_table', 1),
(7, '2016_10_21_190000_create_settings_table', 1),
(8, '2016_11_30_135954_create_permission_table', 1),
(9, '2016_11_30_141208_create_permission_role_table', 1),
(10, '2016_12_26_201236_data_types__add__server_side', 1),
(11, '2017_01_13_000000_add_route_to_menu_items_table', 1),
(12, '2017_01_14_005015_create_translations_table', 1),
(13, '2017_01_15_000000_make_table_name_nullable_in_permissions_table', 1),
(14, '2017_03_06_000000_add_controller_to_data_types_table', 1),
(15, '2017_04_21_000000_add_order_to_data_rows_table', 1),
(16, '2017_07_05_210000_add_policyname_to_data_types_table', 1),
(17, '2017_08_05_000000_add_group_to_settings_table', 1),
(18, '2017_11_26_013050_add_user_role_relationship', 1),
(19, '2017_11_26_015000_create_user_roles_table', 1),
(20, '2018_03_11_000000_add_user_settings', 1),
(21, '2018_03_14_000000_add_details_to_data_types_table', 1),
(22, '2018_03_16_000000_make_settings_value_nullable', 1),
(23, '2019_08_19_000000_create_failed_jobs_table', 1),
(24, '2019_12_14_000001_create_personal_access_tokens_table', 1),
(25, '2016_01_01_000000_create_pages_table', 2),
(26, '2016_01_01_000000_create_posts_table', 2),
(27, '2016_02_15_204651_create_categories_table', 2),
(28, '2017_04_11_000000_alter_post_nullable_fields_table', 2);

-- --------------------------------------------------------

--
-- Table structure for table `pages`
--

CREATE TABLE `pages` (
  `id` int UNSIGNED NOT NULL,
  `author_id` int NOT NULL,
  `title` varchar(255) COLLATE utf8mb4_unicode_ci NOT NULL,
  `excerpt` text COLLATE utf8mb4_unicode_ci,
  `body` text COLLATE utf8mb4_unicode_ci,
  `image` varchar(255) COLLATE utf8mb4_unicode_ci DEFAULT NULL,
  `slug` varchar(255) COLLATE utf8mb4_unicode_ci NOT NULL,
  `meta_description` text COLLATE utf8mb4_unicode_ci,
  `meta_keywords` text COLLATE utf8mb4_unicode_ci,
  `status` enum('ACTIVE','INACTIVE') COLLATE utf8mb4_unicode_ci NOT NULL DEFAULT 'INACTIVE',
  `created_at` timestamp NULL DEFAULT NULL,
  `updated_at` timestamp NULL DEFAULT NULL
) ENGINE=InnoDB DEFAULT CHARSET=utf8mb4 COLLATE=utf8mb4_unicode_ci;

--
-- Dumping data for table `pages`
--

INSERT INTO `pages` (`id`, `author_id`, `title`, `excerpt`, `body`, `image`, `slug`, `meta_description`, `meta_keywords`, `status`, `created_at`, `updated_at`) VALUES
(1, 0, 'Hello World', 'Hang the jib grog grog blossom grapple dance the hempen jig gangway pressgang bilge rat to go on account lugger. Nelsons folly gabion line draught scallywag fire ship gaff fluke fathom case shot. Sea Legs bilge rat sloop matey gabion long clothes run a shot across the bow Gold Road cog league.', '<p>Hello World. Scallywag grog swab Cat o\'nine tails scuttle rigging hardtack cable nipper Yellow Jack. Handsomely spirits knave lad killick landlubber or just lubber deadlights chantey pinnace crack Jennys tea cup. Provost long clothes black spot Yellow Jack bilged on her anchor league lateen sail case shot lee tackle.</p>\n<p>Ballast spirits fluke topmast me quarterdeck schooner landlubber or just lubber gabion belaying pin. Pinnace stern galleon starboard warp carouser to go on account dance the hempen jig jolly boat measured fer yer chains. Man-of-war fire in the hole nipperkin handsomely doubloon barkadeer Brethren of the Coast gibbet driver squiffy.</p>', 'pages/page1.jpg', 'hello-world', 'Yar Meta Description', 'Keyword1, Keyword2', 'ACTIVE', '2021-09-07 09:03:28', '2021-09-07 09:03:28');

-- --------------------------------------------------------

--
-- Table structure for table `password_resets`
--

CREATE TABLE `password_resets` (
  `email` varchar(255) COLLATE utf8mb4_unicode_ci NOT NULL,
  `token` varchar(255) COLLATE utf8mb4_unicode_ci NOT NULL,
  `created_at` timestamp NULL DEFAULT NULL
) ENGINE=InnoDB DEFAULT CHARSET=utf8mb4 COLLATE=utf8mb4_unicode_ci;

-- --------------------------------------------------------

--
-- Table structure for table `permissions`
--

CREATE TABLE `permissions` (
  `id` bigint UNSIGNED NOT NULL,
  `key` varchar(255) COLLATE utf8mb4_unicode_ci NOT NULL,
  `table_name` varchar(255) CHARACTER SET utf8mb4 COLLATE utf8mb4_unicode_ci DEFAULT NULL,
  `created_at` timestamp NULL DEFAULT NULL,
  `updated_at` timestamp NULL DEFAULT NULL
) ENGINE=InnoDB DEFAULT CHARSET=utf8mb4 COLLATE=utf8mb4_unicode_ci;

--
-- Dumping data for table `permissions`
--

INSERT INTO `permissions` (`id`, `key`, `table_name`, `created_at`, `updated_at`) VALUES
(1, 'browse_admin', NULL, '2021-09-07 09:02:24', '2021-09-07 09:02:24'),
(2, 'browse_bread', NULL, '2021-09-07 09:02:25', '2021-09-07 09:02:25'),
(3, 'browse_database', NULL, '2021-09-07 09:02:25', '2021-09-07 09:02:25'),
(4, 'browse_media', NULL, '2021-09-07 09:02:25', '2021-09-07 09:02:25'),
(5, 'browse_compass', NULL, '2021-09-07 09:02:25', '2021-09-07 09:02:25'),
(6, 'browse_menus', 'menus', '2021-09-07 09:02:26', '2021-09-07 09:02:26'),
(7, 'read_menus', 'menus', '2021-09-07 09:02:26', '2021-09-07 09:02:26'),
(8, 'edit_menus', 'menus', '2021-09-07 09:02:27', '2021-09-07 09:02:27'),
(9, 'add_menus', 'menus', '2021-09-07 09:02:27', '2021-09-07 09:02:27'),
(10, 'delete_menus', 'menus', '2021-09-07 09:02:27', '2021-09-07 09:02:27'),
(11, 'browse_roles', 'roles', '2021-09-07 09:02:27', '2021-09-07 09:02:27'),
(12, 'read_roles', 'roles', '2021-09-07 09:02:28', '2021-09-07 09:02:28'),
(13, 'edit_roles', 'roles', '2021-09-07 09:02:28', '2021-09-07 09:02:28'),
(14, 'add_roles', 'roles', '2021-09-07 09:02:28', '2021-09-07 09:02:28'),
(15, 'delete_roles', 'roles', '2021-09-07 09:02:29', '2021-09-07 09:02:29'),
(16, 'browse_users', 'users', '2021-09-07 09:02:29', '2021-09-07 09:02:29'),
(17, 'read_users', 'users', '2021-09-07 09:02:30', '2021-09-07 09:02:30'),
(18, 'edit_users', 'users', '2021-09-07 09:02:30', '2021-09-07 09:02:30'),
(19, 'add_users', 'users', '2021-09-07 09:02:31', '2021-09-07 09:02:31'),
(20, 'delete_users', 'users', '2021-09-07 09:02:31', '2021-09-07 09:02:31'),
(21, 'browse_settings', 'settings', '2021-09-07 09:02:31', '2021-09-07 09:02:31'),
(22, 'read_settings', 'settings', '2021-09-07 09:02:32', '2021-09-07 09:02:32'),
(23, 'edit_settings', 'settings', '2021-09-07 09:02:32', '2021-09-07 09:02:32'),
(24, 'add_settings', 'settings', '2021-09-07 09:02:33', '2021-09-07 09:02:33'),
(25, 'delete_settings', 'settings', '2021-09-07 09:02:33', '2021-09-07 09:02:33'),
(26, 'browse_categories', 'categories', '2021-09-07 09:03:10', '2021-09-07 09:03:10'),
(27, 'read_categories', 'categories', '2021-09-07 09:03:10', '2021-09-07 09:03:10'),
(28, 'edit_categories', 'categories', '2021-09-07 09:03:11', '2021-09-07 09:03:11'),
(29, 'add_categories', 'categories', '2021-09-07 09:03:11', '2021-09-07 09:03:11'),
(30, 'delete_categories', 'categories', '2021-09-07 09:03:11', '2021-09-07 09:03:11'),
(31, 'browse_posts', 'posts', '2021-09-07 09:03:19', '2021-09-07 09:03:19'),
(32, 'read_posts', 'posts', '2021-09-07 09:03:19', '2021-09-07 09:03:19'),
(33, 'edit_posts', 'posts', '2021-09-07 09:03:20', '2021-09-07 09:03:20'),
(34, 'add_posts', 'posts', '2021-09-07 09:03:20', '2021-09-07 09:03:20'),
(35, 'delete_posts', 'posts', '2021-09-07 09:03:21', '2021-09-07 09:03:21'),
(36, 'browse_pages', 'pages', '2021-09-07 09:03:26', '2021-09-07 09:03:26'),
(37, 'read_pages', 'pages', '2021-09-07 09:03:27', '2021-09-07 09:03:27'),
(38, 'edit_pages', 'pages', '2021-09-07 09:03:27', '2021-09-07 09:03:27'),
(39, 'add_pages', 'pages', '2021-09-07 09:03:28', '2021-09-07 09:03:28'),
(40, 'delete_pages', 'pages', '2021-09-07 09:03:28', '2021-09-07 09:03:28'),
(41, 'browse_trainings', 'trainings', '2021-09-07 09:23:17', '2021-09-07 09:23:17'),
(42, 'read_trainings', 'trainings', '2021-09-07 09:23:17', '2021-09-07 09:23:17'),
(43, 'edit_trainings', 'trainings', '2021-09-07 09:23:17', '2021-09-07 09:23:17'),
(44, 'add_trainings', 'trainings', '2021-09-07 09:23:17', '2021-09-07 09:23:17'),
(45, 'delete_trainings', 'trainings', '2021-09-07 09:23:17', '2021-09-07 09:23:17'),
(71, 'browse_trainer_profiles', 'trainer_profiles', '2021-09-22 00:42:42', '2021-09-22 00:42:42'),
(72, 'read_trainer_profiles', 'trainer_profiles', '2021-09-22 00:42:42', '2021-09-22 00:42:42'),
(73, 'edit_trainer_profiles', 'trainer_profiles', '2021-09-22 00:42:42', '2021-09-22 00:42:42'),
(74, 'add_trainer_profiles', 'trainer_profiles', '2021-09-22 00:42:42', '2021-09-22 00:42:42'),
(75, 'delete_trainer_profiles', 'trainer_profiles', '2021-09-22 00:42:42', '2021-09-22 00:42:42'),
(76, 'browse_books', 'books', '2021-09-24 01:26:56', '2021-09-24 01:26:56'),
(77, 'read_books', 'books', '2021-09-24 01:26:56', '2021-09-24 01:26:56'),
(78, 'edit_books', 'books', '2021-09-24 01:26:56', '2021-09-24 01:26:56'),
(79, 'add_books', 'books', '2021-09-24 01:26:56', '2021-09-24 01:26:56'),
(80, 'delete_books', 'books', '2021-09-24 01:26:56', '2021-09-24 01:26:56');

-- --------------------------------------------------------

--
-- Table structure for table `permission_role`
--

CREATE TABLE `permission_role` (
  `permission_id` bigint UNSIGNED NOT NULL,
  `role_id` bigint UNSIGNED NOT NULL
) ENGINE=InnoDB DEFAULT CHARSET=utf8mb4 COLLATE=utf8mb4_unicode_ci;

--
-- Dumping data for table `permission_role`
--

INSERT INTO `permission_role` (`permission_id`, `role_id`) VALUES
(1, 1),
(1, 2),
(2, 1),
(2, 2),
(3, 1),
(3, 2),
(4, 1),
(4, 2),
(5, 1),
(5, 2),
(6, 1),
(6, 2),
(7, 1),
(7, 2),
(8, 1),
(8, 2),
(9, 1),
(9, 2),
(10, 1),
(10, 2),
(11, 1),
(11, 2),
(12, 1),
(12, 2),
(13, 1),
(13, 2),
(14, 1),
(14, 2),
(15, 1),
(15, 2),
(16, 1),
(16, 2),
(17, 1),
(17, 2),
(18, 1),
(18, 2),
(19, 1),
(19, 2),
(20, 1),
(20, 2),
(21, 1),
(21, 2),
(22, 1),
(22, 2),
(23, 1),
(23, 2),
(24, 1),
(24, 2),
(25, 1),
(25, 2),
(26, 1),
(26, 2),
(27, 1),
(27, 2),
(28, 1),
(28, 2),
(29, 1),
(29, 2),
(30, 1),
(30, 2),
(31, 1),
(31, 2),
(32, 1),
(32, 2),
(33, 1),
(33, 2),
(34, 1),
(34, 2),
(35, 1),
(35, 2),
(36, 1),
(36, 2),
(37, 1),
(37, 2),
(38, 1),
(38, 2),
(39, 1),
(39, 2),
(40, 1),
(40, 2),
(41, 1),
(41, 2),
(42, 1),
(42, 2),
(43, 1),
(43, 2),
(44, 1),
(44, 2),
(45, 1),
(45, 2),
(71, 1),
(71, 2),
(72, 1),
(72, 2),
(73, 1),
(73, 2),
(74, 1),
(75, 1),
(76, 1),
(77, 1),
(78, 1),
(79, 1),
(80, 1);

-- --------------------------------------------------------

--
-- Table structure for table `personal_access_tokens`
--

CREATE TABLE `personal_access_tokens` (
  `id` bigint UNSIGNED NOT NULL,
  `tokenable_type` varchar(255) COLLATE utf8mb4_unicode_ci NOT NULL,
  `tokenable_id` bigint UNSIGNED NOT NULL,
  `name` varchar(255) COLLATE utf8mb4_unicode_ci NOT NULL,
  `token` varchar(64) COLLATE utf8mb4_unicode_ci NOT NULL,
  `abilities` text COLLATE utf8mb4_unicode_ci,
  `last_used_at` timestamp NULL DEFAULT NULL,
  `created_at` timestamp NULL DEFAULT NULL,
  `updated_at` timestamp NULL DEFAULT NULL
) ENGINE=InnoDB DEFAULT CHARSET=utf8mb4 COLLATE=utf8mb4_unicode_ci;

-- --------------------------------------------------------

--
-- Table structure for table `posts`
--

CREATE TABLE `posts` (
  `id` int UNSIGNED NOT NULL,
  `author_id` int NOT NULL,
  `category_id` int DEFAULT NULL,
  `title` varchar(255) COLLATE utf8mb4_unicode_ci NOT NULL,
  `seo_title` varchar(255) COLLATE utf8mb4_unicode_ci DEFAULT NULL,
  `excerpt` text CHARACTER SET utf8mb4 COLLATE utf8mb4_unicode_ci,
  `body` text COLLATE utf8mb4_unicode_ci NOT NULL,
  `image` varchar(255) COLLATE utf8mb4_unicode_ci DEFAULT NULL,
  `slug` varchar(255) COLLATE utf8mb4_unicode_ci NOT NULL,
  `meta_description` text CHARACTER SET utf8mb4 COLLATE utf8mb4_unicode_ci,
  `meta_keywords` text CHARACTER SET utf8mb4 COLLATE utf8mb4_unicode_ci,
  `status` enum('PUBLISHED','DRAFT','PENDING') COLLATE utf8mb4_unicode_ci NOT NULL DEFAULT 'DRAFT',
  `featured` tinyint(1) NOT NULL DEFAULT '0',
  `created_at` timestamp NULL DEFAULT NULL,
  `updated_at` timestamp NULL DEFAULT NULL
) ENGINE=InnoDB DEFAULT CHARSET=utf8mb4 COLLATE=utf8mb4_unicode_ci;

--
-- Dumping data for table `posts`
--

INSERT INTO `posts` (`id`, `author_id`, `category_id`, `title`, `seo_title`, `excerpt`, `body`, `image`, `slug`, `meta_description`, `meta_keywords`, `status`, `featured`, `created_at`, `updated_at`) VALUES
(1, 0, NULL, 'Lorem Ipsum Post', NULL, 'This is the excerpt for the Lorem Ipsum Post', '<p>This is the body of the lorem ipsum post</p>', 'posts/post1.jpg', 'lorem-ipsum-post', 'This is the meta description', 'keyword1, keyword2, keyword3', 'PUBLISHED', 0, '2021-09-07 09:03:21', '2021-09-07 09:03:21'),
(2, 0, NULL, 'My Sample Post', NULL, 'This is the excerpt for the sample Post', '<p>This is the body for the sample post, which includes the body.</p>\n                <h2>We can use all kinds of format!</h2>\n                <p>And include a bunch of other stuff.</p>', 'posts/post2.jpg', 'my-sample-post', 'Meta Description for sample post', 'keyword1, keyword2, keyword3', 'PUBLISHED', 0, '2021-09-07 09:03:21', '2021-09-07 09:03:21'),
(3, 0, NULL, 'Latest Post', NULL, 'This is the excerpt for the latest post', '<p>This is the body for the latest post</p>', 'posts/post3.jpg', 'latest-post', 'This is the meta description', 'keyword1, keyword2, keyword3', 'PUBLISHED', 0, '2021-09-07 09:03:22', '2021-09-07 09:03:22'),
(4, 0, NULL, 'Yarr Post', NULL, 'Reef sails nipperkin bring a spring upon her cable coffer jury mast spike marooned Pieces of Eight poop deck pillage. Clipper driver coxswain galleon hempen halter come about pressgang gangplank boatswain swing the lead. Nipperkin yard skysail swab lanyard Blimey bilge water ho quarter Buccaneer.', '<p>Swab deadlights Buccaneer fire ship square-rigged dance the hempen jig weigh anchor cackle fruit grog furl. Crack Jennys tea cup chase guns pressgang hearties spirits hogshead Gold Road six pounders fathom measured fer yer chains. Main sheet provost come about trysail barkadeer crimp scuttle mizzenmast brig plunder.</p>\n<p>Mizzen league keelhaul galleon tender cog chase Barbary Coast doubloon crack Jennys tea cup. Blow the man down lugsail fire ship pinnace cackle fruit line warp Admiral of the Black strike colors doubloon. Tackle Jack Ketch come about crimp rum draft scuppers run a shot across the bow haul wind maroon.</p>\n<p>Interloper heave down list driver pressgang holystone scuppers tackle scallywag bilged on her anchor. Jack Tar interloper draught grapple mizzenmast hulk knave cable transom hogshead. Gaff pillage to go on account grog aft chase guns piracy yardarm knave clap of thunder.</p>', 'posts/post4.jpg', 'yarr-post', 'this be a meta descript', 'keyword1, keyword2, keyword3', 'PUBLISHED', 0, '2021-09-07 09:03:22', '2021-09-07 09:03:22');

-- --------------------------------------------------------

--
-- Table structure for table `roles`
--

CREATE TABLE `roles` (
  `id` bigint UNSIGNED NOT NULL,
  `name` varchar(255) COLLATE utf8mb4_unicode_ci NOT NULL,
  `display_name` varchar(255) COLLATE utf8mb4_unicode_ci NOT NULL,
  `created_at` timestamp NULL DEFAULT NULL,
  `updated_at` timestamp NULL DEFAULT NULL
) ENGINE=InnoDB DEFAULT CHARSET=utf8mb4 COLLATE=utf8mb4_unicode_ci;

--
-- Dumping data for table `roles`
--

INSERT INTO `roles` (`id`, `name`, `display_name`, `created_at`, `updated_at`) VALUES
(1, 'admin', 'Administrator', '2021-09-07 09:02:24', '2021-09-07 09:02:24'),
(2, 'user', 'Normal User', '2021-09-07 09:02:24', '2021-09-07 09:02:24');

-- --------------------------------------------------------

--
-- Table structure for table `settings`
--

CREATE TABLE `settings` (
  `id` int UNSIGNED NOT NULL,
  `key` varchar(255) COLLATE utf8mb4_unicode_ci NOT NULL,
  `display_name` varchar(255) COLLATE utf8mb4_unicode_ci NOT NULL,
  `value` text CHARACTER SET utf8mb4 COLLATE utf8mb4_unicode_ci,
  `details` text COLLATE utf8mb4_unicode_ci,
  `type` varchar(255) COLLATE utf8mb4_unicode_ci NOT NULL,
  `order` int NOT NULL DEFAULT '1',
  `group` varchar(255) COLLATE utf8mb4_unicode_ci DEFAULT NULL
) ENGINE=InnoDB DEFAULT CHARSET=utf8mb4 COLLATE=utf8mb4_unicode_ci;

--
-- Dumping data for table `settings`
--

INSERT INTO `settings` (`id`, `key`, `display_name`, `value`, `details`, `type`, `order`, `group`) VALUES
(1, 'site.title', 'Site Title', 'Compliance Training', '', 'text', 1, 'Site'),
(2, 'site.description', 'Site Description', 'Greate compliance training EVER!', '', 'text', 2, 'Site'),
(3, 'site.logo', 'Site Logo', 'settings/September2021/E2Hs2onsoz69FmNeQdDR.jpg', '', 'image', 3, 'Site'),
(4, 'site.google_analytics_tracking_id', 'Google Analytics Tracking ID', NULL, '', 'text', 4, 'Site'),
(5, 'admin.bg_image', 'Admin Background Image', 'settings/September2021/d4gzqAf6qKLsehM0RlYz.jpg', '', 'image', 5, 'Admin'),
(6, 'admin.title', 'Admin Title', 'Compliance', '', 'text', 1, 'Admin'),
(7, 'admin.description', 'Admin Description', 'Best compliance training EVER!', '', 'text', 2, 'Admin'),
(8, 'admin.loader', 'Admin Loader', '', '', 'image', 3, 'Admin'),
(9, 'admin.icon_image', 'Admin Icon Image', 'settings/September2021/b8pTDpYopEtOjBeYPW2y.jpg', '', 'image', 4, 'Admin'),
(10, 'admin.google_analytics_client_id', 'Google Analytics Client ID (used for admin dashboard)', NULL, '', 'text', 1, 'Admin');

-- --------------------------------------------------------

--
-- Table structure for table `trainer_profiles`
--

CREATE TABLE `trainer_profiles` (
  `id` int UNSIGNED NOT NULL,
  `short_description` text COLLATE utf8mb4_unicode_ci,
  `long_description` text COLLATE utf8mb4_unicode_ci,
  `created_at` timestamp NULL DEFAULT NULL,
  `updated_at` timestamp NULL DEFAULT NULL
) ENGINE=InnoDB DEFAULT CHARSET=utf8mb4 COLLATE=utf8mb4_unicode_ci;

--
-- Dumping data for table `trainer_profiles`
--

INSERT INTO `trainer_profiles` (`id`, `short_description`, `long_description`, `created_at`, `updated_at`) VALUES
(1, 'This is short description will view in training details page', '<p>This is long description will view in business profile page....</p>', '2021-09-22 01:14:45', '2021-09-22 01:14:45');

-- --------------------------------------------------------

--
-- Table structure for table `trainings`
--

CREATE TABLE `trainings` (
  `id` int UNSIGNED NOT NULL,
  `title` varchar(255) COLLATE utf8mb4_unicode_ci NOT NULL,
  `category_id` int NOT NULL,
  `description` text COLLATE utf8mb4_unicode_ci NOT NULL,
  `price` int NOT NULL,
  `start_date` date DEFAULT NULL,
  `featured` tinyint NOT NULL DEFAULT '0',
  `status` tinyint NOT NULL DEFAULT '0',
  `created_at` timestamp NULL DEFAULT NULL,
  `updated_at` timestamp NULL DEFAULT NULL,
  `slug` varchar(255) COLLATE utf8mb4_unicode_ci DEFAULT NULL,
  `end_date` date DEFAULT NULL,
  `session_duration` varchar(255) COLLATE utf8mb4_unicode_ci DEFAULT NULL,
  `class_schedule` varchar(255) COLLATE utf8mb4_unicode_ci DEFAULT NULL,
  `total_classes` int DEFAULT NULL
) ENGINE=InnoDB DEFAULT CHARSET=utf8mb4 COLLATE=utf8mb4_unicode_ci;

--
-- Dumping data for table `trainings`
--

INSERT INTO `trainings` (`id`, `title`, `category_id`, `description`, `price`, `start_date`, `featured`, `status`, `created_at`, `updated_at`, `slug`, `end_date`, `session_duration`, `class_schedule`, `total_classes`) VALUES
(2, 'Total quality management', 4, '<div>\r\n<h2>What is Lorem Ipsum?</h2>\r\n<p><strong>Lorem Ipsum</strong> is simply dummy text of the printing and typesetting industry. Lorem Ipsum has been the industry\'s standard dummy text ever since the 1500s, when an unknown printer took a galley of type and scrambled it to make a type specimen book. It has survived not only five centuries, but also the leap into electronic typesetting, remaining essentially unchanged. It was popularised in the 1960s with the release of Letraset sheets containing Lorem Ipsum passages, and more recently with desktop publishing software like Aldus PageMaker including versions of Lorem Ipsum.</p>\r\n<p>&nbsp;</p>\r\n<p><img src=\"http://127.0.0.1:8000/storage/trainings/September2021/slide6.jpg\" alt=\"\" width=\"1056\" height=\"793\" /></p>\r\n</div>\r\n<div>\r\n<h2>Why do we use it?</h2>\r\n<p>It is a long established fact that a reader will be distracted by the readable content of a page when looking at its layout. The point of using Lorem Ipsum is that it has a more-or-less normal distribution of letters, as opposed to using \'Content here, content here\', making it look like readable English. Many desktop publishing packages and web page editors now use Lorem Ipsum as their default model text, and a search for \'lorem ipsum\' will uncover many web sites still in their infancy. Various versions have evolved over the years, sometimes by accident, sometimes on purpose (injected humour and the like).</p>\r\n</div>\r\n<p>&nbsp;</p>\r\n<div>\r\n<h2>Where does it come from?</h2>\r\n<p>Contrary to popular belief, Lorem Ipsum is not simply random text. It has roots in a piece of classical Latin literature from 45 BC, making it over 2000 years old. Richard McClintock, a Latin professor at Hampden-Sydney College in Virginia, looked up one of the more obscure Latin words, consectetur, from a Lorem Ipsum passage, and going through the cites of the word in classical literature, discovered the undoubtable source. Lorem Ipsum comes from sections 1.10.32 and 1.10.33 of \"de Finibus Bonorum et Malorum\" (The Extremes of Good and Evil) by Cicero, written in 45 BC. This book is a treatise on the theory of ethics, very popular during the Renaissance. The first line of Lorem Ipsum, \"Lorem ipsum dolor sit amet..\", comes from a line in section 1.10.32.</p>\r\n<p>The standard chunk of Lorem Ipsum used since the 1500s is reproduced below for those interested. Sections 1.10.32 and 1.10.33 from \"de Finibus Bonorum et Malorum\" by Cicero are also reproduced in their exact original form, accompanied by English versions from the 1914 translation by H. Rackham.</p>\r\n</div>\r\n<h2>Where can I get some?</h2>\r\n<p>There are many variations of passages of Lorem Ipsum available, but the majority have suffered alteration in some form, by injected humour, or randomised words which don\'t look even slightly believable. If you are going to use a passage of Lorem Ipsum, you need to be sure there isn\'t anything embarrassing hidden in the middle of text. All the Lorem Ipsum generators on the Internet tend to repeat predefined chunks as necessary, making this the first true generator on the Internet. It uses a dictionary of over 200 Latin words, combined with a handful of model sentence structures, to generate Lorem Ipsum which looks reasonable. The generated Lorem Ipsum is therefore always free from repetition, injected humour, or non-characteristic words etc.</p>\r\n<table style=\"width: 100%;\">\r\n<tbody>\r\n<tr>\r\n<td rowspan=\"2\"><input id=\"amount\" name=\"amount\" value=\"5\" type=\"text\" /></td>\r\n<td rowspan=\"2\">\r\n<table style=\"text-align: left;\">\r\n<tbody>\r\n<tr>\r\n<td style=\"width: 20px;\"><input id=\"paras\" name=\"what\" value=\"paras\" type=\"radio\" /></td>\r\n<td><label for=\"paras\">paragraphs</label></td>\r\n</tr>\r\n<tr>\r\n<td style=\"width: 20px;\"><input id=\"words\" name=\"what\" value=\"words\" type=\"radio\" /></td>\r\n<td><label for=\"words\">words</label></td>\r\n</tr>\r\n<tr>\r\n<td style=\"width: 20px;\"><input id=\"bytes\" name=\"what\" value=\"bytes\" type=\"radio\" /></td>\r\n<td><label for=\"bytes\">bytes</label></td>\r\n</tr>\r\n<tr>\r\n<td style=\"width: 20px;\"><input id=\"lists\" name=\"what\" value=\"lists\" type=\"radio\" /></td>\r\n<td><label for=\"lists\">lists</label></td>\r\n</tr>\r\n</tbody>\r\n</table>\r\n</td>\r\n<td style=\"width: 20px;\"><input id=\"start\" name=\"start\" value=\"yes\" type=\"checkbox\" /></td>\r\n<td style=\"text-align: left;\"><label for=\"start\">Start with \'Lorem<br />ipsum dolor sit amet...\'</label></td>\r\n</tr>\r\n<tr>\r\n<td>&nbsp;</td>\r\n<td style=\"text-align: left;\">&nbsp;</td>\r\n</tr>\r\n</tbody>\r\n</table>', 2323, '2021-08-03', 1, 1, '2021-09-13 01:56:00', '2021-09-22 03:41:11', 'Total-quality-management', '2021-09-30', '4 Hours', 'Sunday, monday, wednessday', 12),
(3, 'This is second title', 3, '<div>\r\n<h1><strong>What is Lorem Ipsum?</strong></h1>\r\n<p><strong><img src=\"http://127.0.0.1:8000/storage/trainings/September2021/slide2.jpg\" alt=\"\" width=\"1094\" height=\"822\" /></strong></p>\r\n<p><strong>Lorem Ipsum</strong> is simply dummy text of the printing and typesetting industry. Lorem Ipsum has been the industry\'s standard dummy text ever since the 1500s, when an unknown printer took a galley of type and scrambled it to make a type specimen book. It has survived not only five centuries, but also the leap into electronic typesetting, remaining essentially unchanged. It was popularised in the 1960s with the release of Letraset sheets containing Lorem Ipsum passages, and more recently with desktop publishing software like Aldus PageMaker including versions of Lorem Ipsum.</p>\r\n</div>\r\n<div>\r\n<h3>Why do we use it?</h3>\r\n<p>It is a long established fact that a reader will be distracted by the readable content of a page when looking at its layout. The point of using Lorem Ipsum is that it has a more-or-less normal distribution of letters, as opposed to using \'Content here, content here\', making it look like readable English. Many desktop publishing packages and web page editors now use Lorem Ipsum as their default model text, and a search for \'lorem ipsum\' will uncover many web sites still in their infancy. Various versions have evolved over the years, sometimes by accident, sometimes on purpose (injected humour and the like).</p>\r\n</div>\r\n<p>&nbsp;</p>\r\n<div>\r\n<h5>Where does it come from?</h5>\r\n<p>Contrary to popular belief, Lorem Ipsum is not simply random text. It has roots in a piece of classical Latin literature from 45 BC, making it over 2000 years old. Richard McClintock, a Latin professor at Hampden-Sydney College in Virginia, looked up one of the more obscure Latin words, consectetur, from a Lorem Ipsum passage, and going through the cites of the word in classical literature, discovered the undoubtable source. Lorem Ipsum comes from sections 1.10.32 and 1.10.33 of \"de Finibus Bonorum et Malorum\" (The Extremes of Good and Evil) by Cicero, written in 45 BC. This book is a treatise on the theory of ethics, very popular during the Renaissance. The first line of Lorem Ipsum, \"Lorem ipsum dolor sit amet..\", comes from a line in section 1.10.32.</p>\r\n<p>The standard chunk of Lorem Ipsum used since the 1500s is reproduced below for those interested. Sections 1.10.32 and 1.10.33 from \"de Finibus Bonorum et Malorum\" by Cicero are also reproduced in their exact original form, accompanied by English versions from the 1914 translation by H. Rackham.</p>\r\n</div>\r\n<h2>Where can I get some?</h2>\r\n<p>There are many variations of passages of Lorem Ipsum available, but the majority have suffered alteration in some form, by injected humour, or randomised words which don\'t look even slightly believable. If you are going to use a passage of Lorem Ipsum, you need to be sure there isn\'t anything embarrassing hidden in the middle of text. All the Lorem Ipsum generators on the Internet tend to repeat predefined chunks as necessary, making this the first true generator on the Internet. It uses a dictionary of over 200 Latin words, combined with a handful of model sentence structures, to generate Lorem Ipsum which looks reasonable. The generated Lorem Ipsum is therefore always free from repetition, injected humour, or non-characteristic words etc.</p>\r\n<table style=\"width: 100%;\">\r\n<tbody>\r\n<tr>\r\n<td rowspan=\"2\"><input id=\"amount\" name=\"amount\" value=\"5\" type=\"text\" /></td>\r\n<td rowspan=\"2\">\r\n<table style=\"text-align: left;\">\r\n<tbody>\r\n<tr>\r\n<td style=\"width: 20px;\"><input id=\"paras\" name=\"what\" value=\"paras\" type=\"radio\" /></td>\r\n<td><label for=\"paras\">paragraphs</label></td>\r\n</tr>\r\n<tr>\r\n<td style=\"width: 20px;\"><input id=\"words\" name=\"what\" value=\"words\" type=\"radio\" /></td>\r\n<td><label for=\"words\">words</label></td>\r\n</tr>\r\n<tr>\r\n<td style=\"width: 20px;\"><input id=\"bytes\" name=\"what\" value=\"bytes\" type=\"radio\" /></td>\r\n<td><label for=\"bytes\">bytes</label></td>\r\n</tr>\r\n<tr>\r\n<td style=\"width: 20px;\"><input id=\"lists\" name=\"what\" value=\"lists\" type=\"radio\" /></td>\r\n<td><label for=\"lists\">lists</label></td>\r\n</tr>\r\n</tbody>\r\n</table>\r\n</td>\r\n<td style=\"width: 20px;\"><input id=\"start\" name=\"start\" value=\"yes\" type=\"checkbox\" /></td>\r\n<td style=\"text-align: left;\"><label for=\"start\">Start with \'Lorem<br />ipsum dolor sit amet...\'</label></td>\r\n</tr>\r\n<tr>\r\n<td>&nbsp;</td>\r\n<td style=\"text-align: left;\">&nbsp;</td>\r\n</tr>\r\n</tbody>\r\n</table>', 12345, '2021-09-20', 1, 1, '2021-09-22 00:12:00', '2021-09-22 03:39:16', 'this-is', '2021-09-20', '4 housrs logn', 'evining friday only', NULL);

-- --------------------------------------------------------

--
-- Table structure for table `translations`
--

CREATE TABLE `translations` (
  `id` int UNSIGNED NOT NULL,
  `table_name` varchar(255) COLLATE utf8mb4_unicode_ci NOT NULL,
  `column_name` varchar(255) COLLATE utf8mb4_unicode_ci NOT NULL,
  `foreign_key` int UNSIGNED NOT NULL,
  `locale` varchar(255) COLLATE utf8mb4_unicode_ci NOT NULL,
  `value` text COLLATE utf8mb4_unicode_ci NOT NULL,
  `created_at` timestamp NULL DEFAULT NULL,
  `updated_at` timestamp NULL DEFAULT NULL
) ENGINE=InnoDB DEFAULT CHARSET=utf8mb4 COLLATE=utf8mb4_unicode_ci;

--
-- Dumping data for table `translations`
--

INSERT INTO `translations` (`id`, `table_name`, `column_name`, `foreign_key`, `locale`, `value`, `created_at`, `updated_at`) VALUES
(1, 'data_types', 'display_name_singular', 5, 'pt', 'Post', '2021-09-07 09:03:29', '2021-09-07 09:03:29'),
(2, 'data_types', 'display_name_singular', 6, 'pt', 'Pgina', '2021-09-07 09:03:29', '2021-09-07 09:03:29'),
(3, 'data_types', 'display_name_singular', 1, 'pt', 'Utilizador', '2021-09-07 09:03:30', '2021-09-07 09:03:30'),
(4, 'data_types', 'display_name_singular', 4, 'pt', 'Categoria', '2021-09-07 09:03:30', '2021-09-07 09:03:30'),
(5, 'data_types', 'display_name_singular', 2, 'pt', 'Menu', '2021-09-07 09:03:31', '2021-09-07 09:03:31'),
(6, 'data_types', 'display_name_singular', 3, 'pt', 'Funo', '2021-09-07 09:03:31', '2021-09-07 09:03:31'),
(7, 'data_types', 'display_name_plural', 5, 'pt', 'Posts', '2021-09-07 09:03:31', '2021-09-07 09:03:31'),
(8, 'data_types', 'display_name_plural', 6, 'pt', 'Pginas', '2021-09-07 09:03:32', '2021-09-07 09:03:32'),
(9, 'data_types', 'display_name_plural', 1, 'pt', 'Utilizadores', '2021-09-07 09:03:32', '2021-09-07 09:03:32'),
(10, 'data_types', 'display_name_plural', 4, 'pt', 'Categorias', '2021-09-07 09:03:33', '2021-09-07 09:03:33'),
(11, 'data_types', 'display_name_plural', 2, 'pt', 'Menus', '2021-09-07 09:03:33', '2021-09-07 09:03:33'),
(12, 'data_types', 'display_name_plural', 3, 'pt', 'Funes', '2021-09-07 09:03:33', '2021-09-07 09:03:33'),
(13, 'categories', 'slug', 1, 'pt', 'categoria-1', '2021-09-07 09:03:34', '2021-09-07 09:03:34'),
(14, 'categories', 'name', 1, 'pt', 'Categoria 1', '2021-09-07 09:03:34', '2021-09-07 09:03:34'),
(15, 'categories', 'slug', 2, 'pt', 'categoria-2', '2021-09-07 09:03:34', '2021-09-07 09:03:34'),
(16, 'categories', 'name', 2, 'pt', 'Categoria 2', '2021-09-07 09:03:35', '2021-09-07 09:03:35'),
(17, 'pages', 'title', 1, 'pt', 'Ol Mundo', '2021-09-07 09:03:35', '2021-09-07 09:03:35'),
(18, 'pages', 'slug', 1, 'pt', 'ola-mundo', '2021-09-07 09:03:35', '2021-09-07 09:03:35'),
(19, 'pages', 'body', 1, 'pt', '<p>Ol Mundo. Scallywag grog swab Cat o\'nine tails scuttle rigging hardtack cable nipper Yellow Jack. Handsomely spirits knave lad killick landlubber or just lubber deadlights chantey pinnace crack Jennys tea cup. Provost long clothes black spot Yellow Jack bilged on her anchor league lateen sail case shot lee tackle.</p>\r\n<p>Ballast spirits fluke topmast me quarterdeck schooner landlubber or just lubber gabion belaying pin. Pinnace stern galleon starboard warp carouser to go on account dance the hempen jig jolly boat measured fer yer chains. Man-of-war fire in the hole nipperkin handsomely doubloon barkadeer Brethren of the Coast gibbet driver squiffy.</p>', '2021-09-07 09:03:36', '2021-09-07 09:03:36'),
(20, 'menu_items', 'title', 1, 'pt', 'Painel de Controle', '2021-09-07 09:03:36', '2021-09-07 09:03:36'),
(21, 'menu_items', 'title', 2, 'pt', 'Media', '2021-09-07 09:03:36', '2021-09-07 09:03:36'),
(22, 'menu_items', 'title', 12, 'pt', 'Publicaes', '2021-09-07 09:03:37', '2021-09-07 09:03:37'),
(23, 'menu_items', 'title', 3, 'pt', 'Utilizadores', '2021-09-07 09:03:37', '2021-09-07 09:03:37'),
(24, 'menu_items', 'title', 11, 'pt', 'Categorias', '2021-09-07 09:03:38', '2021-09-07 09:03:38'),
(25, 'menu_items', 'title', 13, 'pt', 'Pginas', '2021-09-07 09:03:38', '2021-09-07 09:03:38'),
(26, 'menu_items', 'title', 4, 'pt', 'Funes', '2021-09-07 09:03:38', '2021-09-07 09:03:38'),
(27, 'menu_items', 'title', 5, 'pt', 'Ferramentas', '2021-09-07 09:03:39', '2021-09-07 09:03:39'),
(28, 'menu_items', 'title', 6, 'pt', 'Menus', '2021-09-07 09:03:39', '2021-09-07 09:03:39'),
(29, 'menu_items', 'title', 7, 'pt', 'Base de dados', '2021-09-07 09:03:39', '2021-09-07 09:03:39'),
(30, 'menu_items', 'title', 10, 'pt', 'Configuraes', '2021-09-07 09:03:40', '2021-09-07 09:03:40');

-- --------------------------------------------------------

--
-- Table structure for table `users`
--

CREATE TABLE `users` (
  `id` bigint UNSIGNED NOT NULL,
  `role_id` bigint UNSIGNED DEFAULT NULL,
  `name` varchar(255) COLLATE utf8mb4_unicode_ci NOT NULL,
  `email` varchar(255) COLLATE utf8mb4_unicode_ci NOT NULL,
  `avatar` varchar(255) COLLATE utf8mb4_unicode_ci DEFAULT 'users/default.png',
  `email_verified_at` timestamp NULL DEFAULT NULL,
  `password` varchar(255) COLLATE utf8mb4_unicode_ci NOT NULL,
  `remember_token` varchar(100) COLLATE utf8mb4_unicode_ci DEFAULT NULL,
  `settings` text COLLATE utf8mb4_unicode_ci,
  `created_at` timestamp NULL DEFAULT NULL,
  `updated_at` timestamp NULL DEFAULT NULL
) ENGINE=InnoDB DEFAULT CHARSET=utf8mb4 COLLATE=utf8mb4_unicode_ci;

--
-- Dumping data for table `users`
--

INSERT INTO `users` (`id`, `role_id`, `name`, `email`, `avatar`, `email_verified_at`, `password`, `remember_token`, `settings`, `created_at`, `updated_at`) VALUES
(1, 1, 'Admin', 'admin@admin.com', 'users/default.png', NULL, '$2y$10$WCqUV.gLV6FVXauLJ.25DORn2rTq2R7Bd1tdG40uJa9QMO9six6Se', 'pDDcclQZ0PVxSQw3tFVTIEMqKvODTQmoQhyTkH7uyjrWn9pPPVYXvlDsOQaq', NULL, '2021-09-07 09:03:12', '2021-09-07 09:03:12'),
(2, 2, 'test user', 'test@test.com', 'users/default.png', NULL, '$2y$10$BWuYgw2RBQkT1j9XqBheBOg.bjbZ8MX1RdUBx7dgAASbDetvU8wQi', NULL, '{\"locale\":\"en\"}', '2021-09-22 01:18:01', '2021-09-22 01:18:01');

-- --------------------------------------------------------

--
-- Table structure for table `user_roles`
--

CREATE TABLE `user_roles` (
  `user_id` bigint UNSIGNED NOT NULL,
  `role_id` bigint UNSIGNED NOT NULL
) ENGINE=InnoDB DEFAULT CHARSET=utf8mb4 COLLATE=utf8mb4_unicode_ci;

--
-- Indexes for dumped tables
--

--
-- Indexes for table `books`
--
ALTER TABLE `books`
  ADD PRIMARY KEY (`id`);

--
-- Indexes for table `categories`
--
ALTER TABLE `categories`
  ADD PRIMARY KEY (`id`),
  ADD UNIQUE KEY `categories_slug_unique` (`slug`),
  ADD KEY `categories_parent_id_foreign` (`parent_id`);

--
-- Indexes for table `data_rows`
--
ALTER TABLE `data_rows`
  ADD PRIMARY KEY (`id`),
  ADD KEY `data_rows_data_type_id_foreign` (`data_type_id`);

--
-- Indexes for table `data_types`
--
ALTER TABLE `data_types`
  ADD PRIMARY KEY (`id`),
  ADD UNIQUE KEY `data_types_name_unique` (`name`),
  ADD UNIQUE KEY `data_types_slug_unique` (`slug`);

--
-- Indexes for table `failed_jobs`
--
ALTER TABLE `failed_jobs`
  ADD PRIMARY KEY (`id`),
  ADD UNIQUE KEY `failed_jobs_uuid_unique` (`uuid`);

--
-- Indexes for table `menus`
--
ALTER TABLE `menus`
  ADD PRIMARY KEY (`id`),
  ADD UNIQUE KEY `menus_name_unique` (`name`);

--
-- Indexes for table `menu_items`
--
ALTER TABLE `menu_items`
  ADD PRIMARY KEY (`id`),
  ADD KEY `menu_items_menu_id_foreign` (`menu_id`);

--
-- Indexes for table `migrations`
--
ALTER TABLE `migrations`
  ADD PRIMARY KEY (`id`);

--
-- Indexes for table `pages`
--
ALTER TABLE `pages`
  ADD PRIMARY KEY (`id`),
  ADD UNIQUE KEY `pages_slug_unique` (`slug`);

--
-- Indexes for table `password_resets`
--
ALTER TABLE `password_resets`
  ADD KEY `password_resets_email_index` (`email`);

--
-- Indexes for table `permissions`
--
ALTER TABLE `permissions`
  ADD PRIMARY KEY (`id`),
  ADD KEY `permissions_key_index` (`key`);

--
-- Indexes for table `permission_role`
--
ALTER TABLE `permission_role`
  ADD PRIMARY KEY (`permission_id`,`role_id`),
  ADD KEY `permission_role_permission_id_index` (`permission_id`),
  ADD KEY `permission_role_role_id_index` (`role_id`);

--
-- Indexes for table `personal_access_tokens`
--
ALTER TABLE `personal_access_tokens`
  ADD PRIMARY KEY (`id`),
  ADD UNIQUE KEY `personal_access_tokens_token_unique` (`token`),
  ADD KEY `personal_access_tokens_tokenable_type_tokenable_id_index` (`tokenable_type`,`tokenable_id`);

--
-- Indexes for table `posts`
--
ALTER TABLE `posts`
  ADD PRIMARY KEY (`id`),
  ADD UNIQUE KEY `posts_slug_unique` (`slug`);

--
-- Indexes for table `roles`
--
ALTER TABLE `roles`
  ADD PRIMARY KEY (`id`),
  ADD UNIQUE KEY `roles_name_unique` (`name`);

--
-- Indexes for table `settings`
--
ALTER TABLE `settings`
  ADD PRIMARY KEY (`id`),
  ADD UNIQUE KEY `settings_key_unique` (`key`);

--
-- Indexes for table `trainer_profiles`
--
ALTER TABLE `trainer_profiles`
  ADD PRIMARY KEY (`id`);

--
-- Indexes for table `trainings`
--
ALTER TABLE `trainings`
  ADD PRIMARY KEY (`id`);

--
-- Indexes for table `translations`
--
ALTER TABLE `translations`
  ADD PRIMARY KEY (`id`),
  ADD UNIQUE KEY `translations_table_name_column_name_foreign_key_locale_unique` (`table_name`,`column_name`,`foreign_key`,`locale`);

--
-- Indexes for table `users`
--
ALTER TABLE `users`
  ADD PRIMARY KEY (`id`),
  ADD UNIQUE KEY `users_email_unique` (`email`),
  ADD KEY `users_role_id_foreign` (`role_id`);

--
-- Indexes for table `user_roles`
--
ALTER TABLE `user_roles`
  ADD PRIMARY KEY (`user_id`,`role_id`),
  ADD KEY `user_roles_user_id_index` (`user_id`),
  ADD KEY `user_roles_role_id_index` (`role_id`);

--
-- AUTO_INCREMENT for dumped tables
--

--
-- AUTO_INCREMENT for table `books`
--
ALTER TABLE `books`
  MODIFY `id` int UNSIGNED NOT NULL AUTO_INCREMENT, AUTO_INCREMENT=3;

--
-- AUTO_INCREMENT for table `categories`
--
ALTER TABLE `categories`
  MODIFY `id` int UNSIGNED NOT NULL AUTO_INCREMENT, AUTO_INCREMENT=5;

--
-- AUTO_INCREMENT for table `data_rows`
--
ALTER TABLE `data_rows`
  MODIFY `id` int UNSIGNED NOT NULL AUTO_INCREMENT, AUTO_INCREMENT=102;

--
-- AUTO_INCREMENT for table `data_types`
--
ALTER TABLE `data_types`
  MODIFY `id` int UNSIGNED NOT NULL AUTO_INCREMENT, AUTO_INCREMENT=18;

--
-- AUTO_INCREMENT for table `failed_jobs`
--
ALTER TABLE `failed_jobs`
  MODIFY `id` bigint UNSIGNED NOT NULL AUTO_INCREMENT;

--
-- AUTO_INCREMENT for table `menus`
--
ALTER TABLE `menus`
  MODIFY `id` int UNSIGNED NOT NULL AUTO_INCREMENT, AUTO_INCREMENT=2;

--
-- AUTO_INCREMENT for table `menu_items`
--
ALTER TABLE `menu_items`
  MODIFY `id` int UNSIGNED NOT NULL AUTO_INCREMENT, AUTO_INCREMENT=22;

--
-- AUTO_INCREMENT for table `migrations`
--
ALTER TABLE `migrations`
  MODIFY `id` int UNSIGNED NOT NULL AUTO_INCREMENT, AUTO_INCREMENT=29;

--
-- AUTO_INCREMENT for table `pages`
--
ALTER TABLE `pages`
  MODIFY `id` int UNSIGNED NOT NULL AUTO_INCREMENT, AUTO_INCREMENT=2;

--
-- AUTO_INCREMENT for table `permissions`
--
ALTER TABLE `permissions`
  MODIFY `id` bigint UNSIGNED NOT NULL AUTO_INCREMENT, AUTO_INCREMENT=81;

--
-- AUTO_INCREMENT for table `personal_access_tokens`
--
ALTER TABLE `personal_access_tokens`
  MODIFY `id` bigint UNSIGNED NOT NULL AUTO_INCREMENT;

--
-- AUTO_INCREMENT for table `posts`
--
ALTER TABLE `posts`
  MODIFY `id` int UNSIGNED NOT NULL AUTO_INCREMENT, AUTO_INCREMENT=5;

--
-- AUTO_INCREMENT for table `roles`
--
ALTER TABLE `roles`
  MODIFY `id` bigint UNSIGNED NOT NULL AUTO_INCREMENT, AUTO_INCREMENT=3;

--
-- AUTO_INCREMENT for table `settings`
--
ALTER TABLE `settings`
  MODIFY `id` int UNSIGNED NOT NULL AUTO_INCREMENT, AUTO_INCREMENT=11;

--
-- AUTO_INCREMENT for table `trainer_profiles`
--
ALTER TABLE `trainer_profiles`
  MODIFY `id` int UNSIGNED NOT NULL AUTO_INCREMENT, AUTO_INCREMENT=2;

--
-- AUTO_INCREMENT for table `trainings`
--
ALTER TABLE `trainings`
  MODIFY `id` int UNSIGNED NOT NULL AUTO_INCREMENT, AUTO_INCREMENT=4;

--
-- AUTO_INCREMENT for table `translations`
--
ALTER TABLE `translations`
  MODIFY `id` int UNSIGNED NOT NULL AUTO_INCREMENT, AUTO_INCREMENT=31;

--
-- AUTO_INCREMENT for table `users`
--
ALTER TABLE `users`
  MODIFY `id` bigint UNSIGNED NOT NULL AUTO_INCREMENT, AUTO_INCREMENT=3;

--
-- Constraints for dumped tables
--

--
-- Constraints for table `categories`
--
ALTER TABLE `categories`
  ADD CONSTRAINT `categories_parent_id_foreign` FOREIGN KEY (`parent_id`) REFERENCES `categories` (`id`) ON DELETE SET NULL ON UPDATE CASCADE;

--
-- Constraints for table `data_rows`
--
ALTER TABLE `data_rows`
  ADD CONSTRAINT `data_rows_data_type_id_foreign` FOREIGN KEY (`data_type_id`) REFERENCES `data_types` (`id`) ON DELETE CASCADE ON UPDATE CASCADE;

--
-- Constraints for table `menu_items`
--
ALTER TABLE `menu_items`
  ADD CONSTRAINT `menu_items_menu_id_foreign` FOREIGN KEY (`menu_id`) REFERENCES `menus` (`id`) ON DELETE CASCADE;

--
-- Constraints for table `permission_role`
--
ALTER TABLE `permission_role`
  ADD CONSTRAINT `permission_role_permission_id_foreign` FOREIGN KEY (`permission_id`) REFERENCES `permissions` (`id`) ON DELETE CASCADE,
  ADD CONSTRAINT `permission_role_role_id_foreign` FOREIGN KEY (`role_id`) REFERENCES `roles` (`id`) ON DELETE CASCADE;

--
-- Constraints for table `users`
--
ALTER TABLE `users`
  ADD CONSTRAINT `users_role_id_foreign` FOREIGN KEY (`role_id`) REFERENCES `roles` (`id`);

--
-- Constraints for table `user_roles`
--
ALTER TABLE `user_roles`
  ADD CONSTRAINT `user_roles_role_id_foreign` FOREIGN KEY (`role_id`) REFERENCES `roles` (`id`) ON DELETE CASCADE,
  ADD CONSTRAINT `user_roles_user_id_foreign` FOREIGN KEY (`user_id`) REFERENCES `users` (`id`) ON DELETE CASCADE;
COMMIT;

/*!40101 SET CHARACTER_SET_CLIENT=@OLD_CHARACTER_SET_CLIENT */;
/*!40101 SET CHARACTER_SET_RESULTS=@OLD_CHARACTER_SET_RESULTS */;
/*!40101 SET COLLATION_CONNECTION=@OLD_COLLATION_CONNECTION */;
